
--
-- TOC entry 2935 (class 0 OID 17103)
-- Dependencies: 205
-- Data for Name: utilisateur; Type: TABLE DATA; Schema: public; Owner: postgres
--

INSERT INTO public.utilisateur (nom, prenom, mail, telephone, password, date_creation, date_maj_compte) VALUES ('Dubbin', 'Reid', 'rdubbin0@free.fr', '0669673093', '1kT546VNVj9', '2019-07-13', '2019-08-07');
INSERT INTO public.utilisateur (nom, prenom, mail, telephone, password, date_creation, date_maj_compte) VALUES ('Walford', 'Jemmie', 'jwalford1@mtv.com', '0688200066', 'DgVfR2', '2019-07-04', '2019-08-07');
INSERT INTO public.utilisateur (nom, prenom, mail, telephone, password, date_creation, date_maj_compte) VALUES ('Handrahan', 'Perkin', 'phandrahan2@accuweather.com', '0695949820', 'yxsOutLx5vAA', '2019-07-01', '2019-08-07');
INSERT INTO public.utilisateur (nom, prenom, mail, telephone, password, date_creation, date_maj_compte) VALUES ('Robbert', 'Zsazsa', 'zrobbert3@deliciousdays.com', '0622181452', 'SFhfh6HiQvz', '2019-07-22', '2019-08-07');
INSERT INTO public.utilisateur (nom, prenom, mail, telephone, password, date_creation, date_maj_compte) VALUES ('Carville', 'Leisha', 'lcarville4@youtube.com', '0681389368', 'nWn3eDHOb', '2019-07-06', '2019-08-07');
INSERT INTO public.utilisateur (nom, prenom, mail, telephone, password, date_creation, date_maj_compte) VALUES ('Maymond', 'Timothy', 'tmaymond5@stanford.edu', '0644049104', 'QX5TYlnBde', '2019-07-11', '2019-08-07');
INSERT INTO public.utilisateur (nom, prenom, mail, telephone, password, date_creation, date_maj_compte) VALUES ('Gerrels', 'Angelika', 'agerrels6@macromedia.com', '0682961353', '7kAoKKjA3xq6', '2019-07-10', '2019-08-07');
INSERT INTO public.utilisateur (nom, prenom, mail, telephone, password, date_creation, date_maj_compte) VALUES ('Ropars', 'Lydia', 'lropars7@disqus.com', '0619618274', 'kjyHAt5jvNw', '2019-07-12', '2019-08-07');
INSERT INTO public.utilisateur (nom, prenom, mail, telephone, password, date_creation, date_maj_compte) VALUES ('Daynter', 'Osbourn', 'odaynter8@reverbnation.com', '0623125106', 'ad4RgHl2S1', '2019-07-10', '2019-08-07');
INSERT INTO public.utilisateur (nom, prenom, mail, telephone, password, date_creation, date_maj_compte) VALUES ('Arsey', 'Alaine', 'aarsey9@nsw.gov.au', '0607963404', '3x0mK2', '2019-07-07', '2019-08-07');
INSERT INTO public.utilisateur (nom, prenom, mail, telephone, password, date_creation, date_maj_compte) VALUES ('Farndale', 'Franny', 'ffarndalea@mail.ru', '0606212236', 'CFRgaDLYs', '2019-07-12', '2019-08-07');
INSERT INTO public.utilisateur (nom, prenom, mail, telephone, password, date_creation, date_maj_compte) VALUES ('Batecok', 'Stanford', 'sbatecokb@icq.com', '0682983102', 'om8J0wWlj', '2019-07-17', '2019-08-07');
INSERT INTO public.utilisateur (nom, prenom, mail, telephone, password, date_creation, date_maj_compte) VALUES ('Whitfield', 'Phyllys', 'pwhitfieldc@kickstarter.com', '0614583973', 'WPABHHk5kW', '2019-07-16', '2019-08-07');
INSERT INTO public.utilisateur (nom, prenom, mail, telephone, password, date_creation, date_maj_compte) VALUES ('McPhater', 'Townsend', 'tmcphaterd@netlog.com', '0666013028', 'KOzvdmMiAijN', '2019-07-23', '2019-08-07');
INSERT INTO public.utilisateur (nom, prenom, mail, telephone, password, date_creation, date_maj_compte) VALUES ('Coggin', 'Lanita', 'lcoggine@unesco.org', '0609663808', 'dGHPOIk9F', '2019-07-03', '2019-08-07');
INSERT INTO public.utilisateur (nom, prenom, mail, telephone, password, date_creation, date_maj_compte) VALUES ('Depper', 'Brett', 'bdepperf@shinystat.com', '0621734551', 'gOG8YcSHG', '2019-07-15', '2019-08-07');
INSERT INTO public.utilisateur (nom, prenom, mail, telephone, password, date_creation, date_maj_compte) VALUES ('Dickens', 'Genvieve', 'gdickensg@xrea.com', '0688773462', 'Bp4OuSNW', '2019-07-01', '2019-08-07');
INSERT INTO public.utilisateur (nom, prenom, mail, telephone, password, date_creation, date_maj_compte) VALUES ('Mintrim', 'Lock', 'lmintrimh@google.it', '0645180106', 'zI3tGPl2ME', '2019-07-07', '2019-08-07');
INSERT INTO public.utilisateur (nom, prenom, mail, telephone, password, date_creation, date_maj_compte) VALUES ('Winteringham', 'Nelly', 'nwinteringhami@dmoz.org', '0624051151', 'Gl3ew42P5m', '2019-07-01', '2019-08-07');
INSERT INTO public.utilisateur (nom, prenom, mail, telephone, password, date_creation, date_maj_compte) VALUES ('Fishburn', 'Annabela', 'afishburnj@vinaora.com', '0625807998', 'NmulQqsiNq', '2019-07-21', '2019-08-07');
INSERT INTO public.utilisateur (nom, prenom, mail, telephone, password, date_creation, date_maj_compte) VALUES ('Vandenhoff', 'Noelle', 'nvandenhoffk@biblegateway.com', '0687385988', 'QXwkkFB', '2019-07-11', '2019-08-07');
INSERT INTO public.utilisateur (nom, prenom, mail, telephone, password, date_creation, date_maj_compte) VALUES ('Tumbridge', 'Dollie', 'dtumbridgel@a8.net', '0672443448', 'hInqhLsrnZ', '2019-07-16', '2019-08-07');
INSERT INTO public.utilisateur (nom, prenom, mail, telephone, password, date_creation, date_maj_compte) VALUES ('Karczinski', 'Koren', 'kkarczinskim@vinaora.com', '0649952422', 'aJBx9hrb', '2019-07-18', '2019-08-07');
INSERT INTO public.utilisateur (nom, prenom, mail, telephone, password, date_creation, date_maj_compte) VALUES ('Bletcher', 'Raimundo', 'rbletchern@ucoz.ru', '0686982171', 'PyJPUavn1Cqn', '2019-07-24', '2019-08-07');
INSERT INTO public.utilisateur (nom, prenom, mail, telephone, password, date_creation, date_maj_compte) VALUES ('Rizzardi', 'Martina', 'mrizzardio@wix.com', '0675208512', 'KD93p750i', '2019-07-24', '2019-08-07');
INSERT INTO public.utilisateur (nom, prenom, mail, telephone, password, date_creation, date_maj_compte) VALUES ('Immins', 'Betteanne', 'bimminsp@qq.com', '0679653998', '9p2Zhi4SOmF', '2019-07-22', '2019-08-07');
INSERT INTO public.utilisateur (nom, prenom, mail, telephone, password, date_creation, date_maj_compte) VALUES ('Bloodworth', 'Rickie', 'rbloodworthq@imgur.com', '0606063239', 'eFxsjqu', '2019-07-13', '2019-08-07');
INSERT INTO public.utilisateur (nom, prenom, mail, telephone, password, date_creation, date_maj_compte) VALUES ('Hiscoe', 'Daven', 'dhiscoer@wordpress.com', '0685799142', 'tWRhBVFLPK5', '2019-07-18', '2019-08-07');
INSERT INTO public.utilisateur (nom, prenom, mail, telephone, password, date_creation, date_maj_compte) VALUES ('Purkis', 'Brocky', 'bpurkiss@unicef.org', '0697509243', 'ALOCdltW', '2019-07-01', '2019-08-07');
INSERT INTO public.utilisateur (nom, prenom, mail, telephone, password, date_creation, date_maj_compte) VALUES ('Lusher', 'Homerus', 'hlushert@dagondesign.com', '0608164569', 'EahKbsgPvQv', '2019-07-09', '2019-08-07');
INSERT INTO public.utilisateur (nom, prenom, mail, telephone, password, date_creation, date_maj_compte) VALUES ('Blamires', 'Chantalle', 'cblamiresu@spiegel.de', '0609343281', 'fhruFaFDM', '2019-07-09', '2019-08-07');
INSERT INTO public.utilisateur (nom, prenom, mail, telephone, password, date_creation, date_maj_compte) VALUES ('Phoebe', 'Tristan', 'tphoebev@yolasite.com', '0658071548', 'fPW9762', '2019-07-04', '2019-08-07');
INSERT INTO public.utilisateur (nom, prenom, mail, telephone, password, date_creation, date_maj_compte) VALUES ('Kell', 'Ly', 'lkellw@samsung.com', '0604880729', 'uCkdf9i', '2019-07-07', '2019-08-07');
INSERT INTO public.utilisateur (nom, prenom, mail, telephone, password, date_creation, date_maj_compte) VALUES ('Flowerdew', 'Danella', 'dflowerdewx@acquirethisname.com', '0647574915', 'xLPyzL', '2019-07-19', '2019-08-07');
INSERT INTO public.utilisateur (nom, prenom, mail, telephone, password, date_creation, date_maj_compte) VALUES ('Biddlecombe', 'Hinda', 'hbiddlecombey@auda.org.au', '0647180416', 'KChdSC2', '2019-07-23', '2019-08-07');
INSERT INTO public.utilisateur (nom, prenom, mail, telephone, password, date_creation, date_maj_compte) VALUES ('Branscombe', 'Mandel', 'mbranscombez@google.de', '0698386451', '9fw2F5W', '2019-07-22', '2019-08-07');
INSERT INTO public.utilisateur (nom, prenom, mail, telephone, password, date_creation, date_maj_compte) VALUES ('Tapsell', 'Wally', 'wtapsell10@cyberchimps.com', '0666738035', 'SvNw1qIVyw', '2019-07-20', '2019-08-07');
INSERT INTO public.utilisateur (nom, prenom, mail, telephone, password, date_creation, date_maj_compte) VALUES ('Siemens', 'Rollo', 'rsiemens11@unesco.org', '0688515864', 'V9U8q9j', '2019-07-08', '2019-08-07');
INSERT INTO public.utilisateur (nom, prenom, mail, telephone, password, date_creation, date_maj_compte) VALUES ('Cordie', 'Ted', 'tcordie12@shinystat.com', '0614451250', 'pMS5Zzyc', '2019-07-15', '2019-08-07');
INSERT INTO public.utilisateur (nom, prenom, mail, telephone, password, date_creation, date_maj_compte) VALUES ('Kharchinski', 'Devondra', 'dkharchinski13@squidoo.com', '0609221201', '2IClGgw', '2019-07-23', '2019-08-07');
INSERT INTO public.utilisateur (nom, prenom, mail, telephone, password, date_creation, date_maj_compte) VALUES ('Lorkin', 'Catie', 'clorkin14@tripadvisor.com', '0661463414', 'TbtVlJ', '2019-07-22', '2019-08-07');
INSERT INTO public.utilisateur (nom, prenom, mail, telephone, password, date_creation, date_maj_compte) VALUES ('Mullan', 'Alissa', 'amullan15@cargocollective.com', '0683380502', 'QXepv4CEH', '2019-07-04', '2019-08-07');
INSERT INTO public.utilisateur (nom, prenom, mail, telephone, password, date_creation, date_maj_compte) VALUES ('Sherwen', 'Breena', 'bsherwen16@xrea.com', '0606274372', 'FiNACMk', '2019-07-21', '2019-08-07');
INSERT INTO public.utilisateur (nom, prenom, mail, telephone, password, date_creation, date_maj_compte) VALUES ('Plomer', 'Danie', 'dplomer17@issuu.com', '0619393229', 'FXdd5Z', '2019-07-12', '2019-08-07');
INSERT INTO public.utilisateur (nom, prenom, mail, telephone, password, date_creation, date_maj_compte) VALUES ('Dodgshon', 'Rossy', 'rdodgshon18@google.de', '0617924044', 'hl5Lxxgmp', '2019-07-08', '2019-08-07');
INSERT INTO public.utilisateur (nom, prenom, mail, telephone, password, date_creation, date_maj_compte) VALUES ('Trouel', 'Tish', 'ttrouel19@house.gov', '0638431443', 'ijV8XOALqrkT', '2019-07-21', '2019-08-07');
INSERT INTO public.utilisateur (nom, prenom, mail, telephone, password, date_creation, date_maj_compte) VALUES ('Grimsey', 'Jennette', 'jgrimsey1a@census.gov', '0633490787', 'qfleL9Zl', '2019-07-18', '2019-08-07');
INSERT INTO public.utilisateur (nom, prenom, mail, telephone, password, date_creation, date_maj_compte) VALUES ('Flasby', 'Martie', 'mflasby1b@yellowbook.com', '0678850095', 'JH3gsR', '2019-07-09', '2019-08-07');
INSERT INTO public.utilisateur (nom, prenom, mail, telephone, password, date_creation, date_maj_compte) VALUES ('Hook', 'Had', 'hhook1c@weather.com', '0695935698', 'SNU9hfnB0DIG', '2019-07-12', '2019-08-07');
INSERT INTO public.utilisateur (nom, prenom, mail, telephone, password, date_creation, date_maj_compte) VALUES ('Munnion', 'Leah', 'lmunnion1d@blog.com', '0602221716', '0PX5HB', '2019-07-18', '2019-08-07');

--
-- TOC entry 2929 (class 0 OID 17069)
-- Dependencies: 199
-- Data for Name: adresse; Type: TABLE DATA; Schema: public; Owner: postgres
--

INSERT INTO public.adresse (numero_voie, voie, code_postal, ville) VALUES (5, 'rue Harper', 75000, 'Paris');
INSERT INTO public.adresse (numero_voie, voie, code_postal, ville) VALUES (52, 'rue Dayton', 75000, 'Paris');
INSERT INTO public.adresse (numero_voie, voie, code_postal, ville) VALUES (40, 'rue Continental', 75000, 'Paris');
INSERT INTO public.adresse (numero_voie, voie, code_postal, ville) VALUES (77, 'rue Miller', 75000, 'Paris');
INSERT INTO public.adresse (numero_voie, voie, code_postal, ville) VALUES (56, 'rue Aberg', 75000, 'Paris');
INSERT INTO public.adresse (numero_voie, voie, code_postal, ville) VALUES (16, 'rue Spenser', 75000, 'Paris');
INSERT INTO public.adresse (numero_voie, voie, code_postal, ville) VALUES (51, 'rue Weeping Birch', 75000, 'Paris');
INSERT INTO public.adresse (numero_voie, voie, code_postal, ville) VALUES (1, 'rue Bultman', 75000, 'Paris');
INSERT INTO public.adresse (numero_voie, voie, code_postal, ville) VALUES (57, 'rue Crowley', 75000, 'Paris');
INSERT INTO public.adresse (numero_voie, voie, code_postal, ville) VALUES (34, 'rue High Crossing', 75000, 'Paris');
INSERT INTO public.adresse (numero_voie, voie, code_postal, ville) VALUES (49, 'rue Stuart', 75000, 'Paris');
INSERT INTO public.adresse (numero_voie, voie, code_postal, ville) VALUES (75, 'rue Briar Crest', 75000, 'Paris');
INSERT INTO public.adresse (numero_voie, voie, code_postal, ville) VALUES (87, 'rue Sherman', 75000, 'Paris');
INSERT INTO public.adresse (numero_voie, voie, code_postal, ville) VALUES (8, 'rue Gulseth', 75000, 'Paris');
INSERT INTO public.adresse (numero_voie, voie, code_postal, ville) VALUES (45, 'rue Mockingbird', 75000, 'Paris');
INSERT INTO public.adresse (numero_voie, voie, code_postal, ville) VALUES (37, 'rue Mifflin', 75000, 'Paris');
INSERT INTO public.adresse (numero_voie, voie, code_postal, ville) VALUES (1, 'rue Canary', 75000, 'Paris');
INSERT INTO public.adresse (numero_voie, voie, code_postal, ville) VALUES (52, 'rue Elmside', 75000, 'Paris');
INSERT INTO public.adresse (numero_voie, voie, code_postal, ville) VALUES (37, 'rue Warrior', 75000, 'Paris');
INSERT INTO public.adresse (numero_voie, voie, code_postal, ville) VALUES (28, 'rue Sunfield', 75000, 'Paris');
INSERT INTO public.adresse (numero_voie, voie, code_postal, ville) VALUES (43, 'rue Colorado', 75000, 'Paris');
INSERT INTO public.adresse (numero_voie, voie, code_postal, ville) VALUES (71, 'rue Mockingbird', 75000, 'Paris');
INSERT INTO public.adresse (numero_voie, voie, code_postal, ville) VALUES (55, 'rue Buell', 75000, 'Paris');
INSERT INTO public.adresse (numero_voie, voie, code_postal, ville) VALUES (4, 'rue Anderson', 75000, 'Paris');
INSERT INTO public.adresse (numero_voie, voie, code_postal, ville) VALUES (99, 'rue Pepper Wood', 75000, 'Paris');
INSERT INTO public.adresse (numero_voie, voie, code_postal, ville) VALUES (95, 'rue Mosinee', 75000, 'Paris');
INSERT INTO public.adresse (numero_voie, voie, code_postal, ville) VALUES (20, 'rue Oriole', 75000, 'Paris');
INSERT INTO public.adresse (numero_voie, voie, code_postal, ville) VALUES (81, 'rue Service', 75000, 'Paris');
INSERT INTO public.adresse (numero_voie, voie, code_postal, ville) VALUES (45, 'rue Glendale', 75000, 'Paris');
INSERT INTO public.adresse (numero_voie, voie, code_postal, ville) VALUES (94, 'rue Hoard', 75000, 'Paris');
INSERT INTO public.adresse (numero_voie, voie, code_postal, ville) VALUES (10, 'rue Sunbrook', 75000, 'Paris');
INSERT INTO public.adresse (numero_voie, voie, code_postal, ville) VALUES (13, 'rue Bartillon', 75000, 'Paris');
INSERT INTO public.adresse (numero_voie, voie, code_postal, ville) VALUES (78, 'rue Lawn', 75000, 'Paris');
INSERT INTO public.adresse (numero_voie, voie, code_postal, ville) VALUES (20, 'rue Menomonie', 75000, 'Paris');
INSERT INTO public.adresse (numero_voie, voie, code_postal, ville) VALUES (54, 'rue Larry', 75000, 'Paris');
INSERT INTO public.adresse (numero_voie, voie, code_postal, ville) VALUES (41, 'rue Blaine', 75000, 'Paris');
INSERT INTO public.adresse (numero_voie, voie, code_postal, ville) VALUES (18, 'rue Mcguire', 75000, 'Paris');
INSERT INTO public.adresse (numero_voie, voie, code_postal, ville) VALUES (86, 'rue Michigan', 75000, 'Paris');
INSERT INTO public.adresse (numero_voie, voie, code_postal, ville) VALUES (39, 'rue Riverside', 75000, 'Paris');
INSERT INTO public.adresse (numero_voie, voie, code_postal, ville) VALUES (67, 'rue Lunder', 75000, 'Paris');
INSERT INTO public.adresse (numero_voie, voie, code_postal, ville) VALUES (26, 'rue Scott', 75000, 'Paris');
INSERT INTO public.adresse (numero_voie, voie, code_postal, ville) VALUES (4, 'rue Straubel', 75000, 'Paris');
INSERT INTO public.adresse (numero_voie, voie, code_postal, ville) VALUES (2, 'rue Esker', 75000, 'Paris');
INSERT INTO public.adresse (numero_voie, voie, code_postal, ville) VALUES (8, 'rue Steensland', 75000, 'Paris');
INSERT INTO public.adresse (numero_voie, voie, code_postal, ville) VALUES (71, 'rue Vermont', 75000, 'Paris');
INSERT INTO public.adresse (numero_voie, voie, code_postal, ville) VALUES (60, 'rue Dawn', 75000, 'Paris');
INSERT INTO public.adresse (numero_voie, voie, code_postal, ville) VALUES (33, 'rue Delaware', 75000, 'Paris');
INSERT INTO public.adresse (numero_voie, voie, code_postal, ville) VALUES (4, 'rue Morning', 75000, 'Paris');
INSERT INTO public.adresse (numero_voie, voie, code_postal, ville) VALUES (99, 'rue Calypso', 75000, 'Paris');
INSERT INTO public.adresse (numero_voie, voie, code_postal, ville) VALUES (84, 'rue Porter', 75000, 'Paris');
INSERT INTO public.adresse (numero_voie, voie, code_postal, ville) VALUES (86, 'rue Pawling', 75000, 'Paris');
INSERT INTO public.adresse (numero_voie, voie, code_postal, ville) VALUES (34, 'rue Dorton', 75000, 'Paris');
INSERT INTO public.adresse (numero_voie, voie, code_postal, ville) VALUES (66, 'rue Bunker Hill', 75000, 'Paris');
INSERT INTO public.adresse (numero_voie, voie, code_postal, ville) VALUES (38, 'rue Banding', 75000, 'Paris');
INSERT INTO public.adresse (numero_voie, voie, code_postal, ville) VALUES (33, 'rue Annamark', 75000, 'Paris');
INSERT INTO public.adresse (numero_voie, voie, code_postal, ville) VALUES (95, 'rue Service', 75000, 'Paris');
INSERT INTO public.adresse (numero_voie, voie, code_postal, ville) VALUES (19, 'rue Manitowish', 75000, 'Paris');
INSERT INTO public.adresse (numero_voie, voie, code_postal, ville) VALUES (89, 'rue Fairview', 75000, 'Paris');
INSERT INTO public.adresse (numero_voie, voie, code_postal, ville) VALUES (94, 'rue Prairie Rose', 75000, 'Paris');
INSERT INTO public.adresse (numero_voie, voie, code_postal, ville) VALUES (98, 'rue Blue Bill Park', 75000, 'Paris');

--
-- TOC entry 2930 (class 0 OID 17075)
-- Dependencies: 200
-- Data for Name: pointdevente; Type: TABLE DATA; Schema: public; Owner: postgres
--

INSERT INTO public.pointdevente (nom, adresse_id) VALUES ('boutique n°1', 1);
INSERT INTO public.pointdevente (nom, adresse_id) VALUES ('boutique n°2', 2);
INSERT INTO public.pointdevente (nom, adresse_id) VALUES ('boutique n°3', 3);
INSERT INTO public.pointdevente (nom, adresse_id) VALUES ('boutique n°4', 4);
INSERT INTO public.pointdevente (nom, adresse_id) VALUES ('boutique n°5', 5);

--
-- TOC entry 2937 (class 0 OID 17113)
-- Dependencies: 207
-- Data for Name: client; Type: TABLE DATA; Schema: public; Owner: postgres
--

INSERT INTO public.client (client_id) VALUES (1);
INSERT INTO public.client (client_id) VALUES (2);
INSERT INTO public.client (client_id) VALUES (3);
INSERT INTO public.client (client_id) VALUES (4);
INSERT INTO public.client (client_id) VALUES (5);
INSERT INTO public.client (client_id) VALUES (6);
INSERT INTO public.client (client_id) VALUES (7);
INSERT INTO public.client (client_id) VALUES (8);
INSERT INTO public.client (client_id) VALUES (9);
INSERT INTO public.client (client_id) VALUES (10);
INSERT INTO public.client (client_id) VALUES (11);
INSERT INTO public.client (client_id) VALUES (12);
INSERT INTO public.client (client_id) VALUES (13);
INSERT INTO public.client (client_id) VALUES (14);
INSERT INTO public.client (client_id) VALUES (15);
INSERT INTO public.client (client_id) VALUES (16);
INSERT INTO public.client (client_id) VALUES (17);
INSERT INTO public.client (client_id) VALUES (18);
INSERT INTO public.client (client_id) VALUES (19);
INSERT INTO public.client (client_id) VALUES (20);
INSERT INTO public.client (client_id) VALUES (21);
INSERT INTO public.client (client_id) VALUES (22);
INSERT INTO public.client (client_id) VALUES (23);
INSERT INTO public.client (client_id) VALUES (24);
INSERT INTO public.client (client_id) VALUES (25);
INSERT INTO public.client (client_id) VALUES (26);
INSERT INTO public.client (client_id) VALUES (27);
INSERT INTO public.client (client_id) VALUES (28);
INSERT INTO public.client (client_id) VALUES (29);
INSERT INTO public.client (client_id) VALUES (30);

--
-- TOC entry 2939 (class 0 OID 17121)
-- Dependencies: 209
-- Data for Name: adresselivraison; Type: TABLE DATA; Schema: public; Owner: postgres
--

INSERT INTO public.adresselivraison (adresse_id, client_id, nom) VALUES (6, 1, 'maison');
INSERT INTO public.adresselivraison (adresse_id, client_id, nom) VALUES (7, 2, 'maison');
INSERT INTO public.adresselivraison (adresse_id, client_id, nom) VALUES (8, 3, 'maison');
INSERT INTO public.adresselivraison (adresse_id, client_id, nom) VALUES (9, 4, 'maison');
INSERT INTO public.adresselivraison (adresse_id, client_id, nom) VALUES (10, 5, 'maison');
INSERT INTO public.adresselivraison (adresse_id, client_id, nom) VALUES (11, 6, 'maison');
INSERT INTO public.adresselivraison (adresse_id, client_id, nom) VALUES (12, 7, 'maison');
INSERT INTO public.adresselivraison (adresse_id, client_id, nom) VALUES (13, 8, 'maison');
INSERT INTO public.adresselivraison (adresse_id, client_id, nom) VALUES (14, 9, 'maison');
INSERT INTO public.adresselivraison (adresse_id, client_id, nom) VALUES (15, 10, 'maison');
INSERT INTO public.adresselivraison (adresse_id, client_id, nom) VALUES (16, 11, 'maison');
INSERT INTO public.adresselivraison (adresse_id, client_id, nom) VALUES (17, 12, 'maison');
INSERT INTO public.adresselivraison (adresse_id, client_id, nom) VALUES (18, 13, 'maison');
INSERT INTO public.adresselivraison (adresse_id, client_id, nom) VALUES (19, 14, 'maison');
INSERT INTO public.adresselivraison (adresse_id, client_id, nom) VALUES (20, 15, 'maison');
INSERT INTO public.adresselivraison (adresse_id, client_id, nom) VALUES (21, 16, 'maison');
INSERT INTO public.adresselivraison (adresse_id, client_id, nom) VALUES (22, 17, 'maison');
INSERT INTO public.adresselivraison (adresse_id, client_id, nom) VALUES (23, 18, 'maison');
INSERT INTO public.adresselivraison (adresse_id, client_id, nom) VALUES (24, 19, 'maison');
INSERT INTO public.adresselivraison (adresse_id, client_id, nom) VALUES (25, 20, 'maison');
INSERT INTO public.adresselivraison (adresse_id, client_id, nom) VALUES (26, 21, 'maison');
INSERT INTO public.adresselivraison (adresse_id, client_id, nom) VALUES (27, 22, 'maison');
INSERT INTO public.adresselivraison (adresse_id, client_id, nom) VALUES (28, 23, 'maison');
INSERT INTO public.adresselivraison (adresse_id, client_id, nom) VALUES (29, 24, 'maison');
INSERT INTO public.adresselivraison (adresse_id, client_id, nom) VALUES (30, 25, 'maison');
INSERT INTO public.adresselivraison (adresse_id, client_id, nom) VALUES (31, 26, 'maison');
INSERT INTO public.adresselivraison (adresse_id, client_id, nom) VALUES (32, 27, 'maison');
INSERT INTO public.adresselivraison (adresse_id, client_id, nom) VALUES (33, 28, 'maison');
INSERT INTO public.adresselivraison (adresse_id, client_id, nom) VALUES (34, 29, 'maison');
INSERT INTO public.adresselivraison (adresse_id, client_id, nom) VALUES (35, 30, 'maison');
INSERT INTO public.adresselivraison (adresse_id, client_id, nom) VALUES (36, 3, 'travail');
INSERT INTO public.adresselivraison (adresse_id, client_id, nom) VALUES (37, 11, 'travail');
INSERT INTO public.adresselivraison (adresse_id, client_id, nom) VALUES (38, 17, 'travail');
INSERT INTO public.adresselivraison (adresse_id, client_id, nom) VALUES (39, 25, 'travail');
INSERT INTO public.adresselivraison (adresse_id, client_id, nom) VALUES (40, 30, 'travail');

--
-- TOC entry 2941 (class 0 OID 17129)
-- Dependencies: 211
-- Data for Name: employe; Type: TABLE DATA; Schema: public; Owner: postgres
--

INSERT INTO public.employe (employe_id, poste, numero_ss, point_de_vente_id, adresse_id) VALUES (31, 'Gérant', 2868879639641, 1, 41);
INSERT INTO public.employe (employe_id, poste, numero_ss, point_de_vente_id, adresse_id) VALUES (32, 'Gérant', 1556874954763, 2, 42);
INSERT INTO public.employe (employe_id, poste, numero_ss, point_de_vente_id, adresse_id) VALUES (33, 'Gérant', 1262225296292, 3, 43);
INSERT INTO public.employe (employe_id, poste, numero_ss, point_de_vente_id, adresse_id) VALUES (34, 'Gérant', 2534338395495, 4, 44);
INSERT INTO public.employe (employe_id, poste, numero_ss, point_de_vente_id, adresse_id) VALUES (35, 'Gérant', 2618931829720, 5, 45);
INSERT INTO public.employe (employe_id, poste, numero_ss, point_de_vente_id, adresse_id) VALUES (46, 'Livreur', 2106243824010, 1, 56);
INSERT INTO public.employe (employe_id, poste, numero_ss, point_de_vente_id, adresse_id) VALUES (47, 'Livreur', 2126689111399, 2, 57);
INSERT INTO public.employe (employe_id, poste, numero_ss, point_de_vente_id, adresse_id) VALUES (48, 'Livreur', 1541041536574, 3, 58);
INSERT INTO public.employe (employe_id, poste, numero_ss, point_de_vente_id, adresse_id) VALUES (49, 'Livreur', 1690289838375, 4, 59);
INSERT INTO public.employe (employe_id, poste, numero_ss, point_de_vente_id, adresse_id) VALUES (50, 'Livreur', 2619245740911, 5, 60);
INSERT INTO public.employe (employe_id, poste, numero_ss, point_de_vente_id, adresse_id) VALUES (41, 'Caissier', 2554031709583, 1, 51);
INSERT INTO public.employe (employe_id, poste, numero_ss, point_de_vente_id, adresse_id) VALUES (44, 'Caissier', 2690288838365, 4, 54);
INSERT INTO public.employe (employe_id, poste, numero_ss, point_de_vente_id, adresse_id) VALUES (45, 'Caissier', 2619235749911, 5, 55);
INSERT INTO public.employe (employe_id, poste, numero_ss, point_de_vente_id, adresse_id) VALUES (43, 'Caissier', 2744120418155, 3, 53);
INSERT INTO public.employe (employe_id, poste, numero_ss, point_de_vente_id, adresse_id) VALUES (42, 'Caissier', 2274723537224, 2, 52);
INSERT INTO public.employe (employe_id, poste, numero_ss, point_de_vente_id, adresse_id) VALUES (36, 'Pizzaiolo', 1340251935562, 1, 56);
INSERT INTO public.employe (employe_id, poste, numero_ss, point_de_vente_id, adresse_id) VALUES (37, 'Pizzaiolo', 1453968268493, 2, 57);
INSERT INTO public.employe (employe_id, poste, numero_ss, point_de_vente_id, adresse_id) VALUES (38, 'Pizzaiolo', 1780760417829, 3, 58);
INSERT INTO public.employe (employe_id, poste, numero_ss, point_de_vente_id, adresse_id) VALUES (39, 'Pizzaiolo', 1570341854842, 4, 59);
INSERT INTO public.employe (employe_id, poste, numero_ss, point_de_vente_id, adresse_id) VALUES (40, 'Pizzaiolo', 2312303192353, 5, 60);

--
-- TOC entry 2933 (class 0 OID 17087)
-- Dependencies: 203
-- Data for Name: ingredient; Type: TABLE DATA; Schema: public; Owner: postgres
--

INSERT INTO public.ingredient (nom, unite_mesure) VALUES ('tomate', 'gr');
INSERT INTO public.ingredient (nom, unite_mesure) VALUES ('creme', 'gr');
INSERT INTO public.ingredient (nom, unite_mesure) VALUES ('champignon', 'gr');
INSERT INTO public.ingredient (nom, unite_mesure) VALUES ('poivron', 'gr');
INSERT INTO public.ingredient (nom, unite_mesure) VALUES ('oignon', 'gr');
INSERT INTO public.ingredient (nom, unite_mesure) VALUES ('emmemtal', 'gr');
INSERT INTO public.ingredient (nom, unite_mesure) VALUES ('mozzarela', 'gr');
INSERT INTO public.ingredient (nom, unite_mesure) VALUES ('chevre', 'gr');
INSERT INTO public.ingredient (nom, unite_mesure) VALUES ('roquefort', 'gr');
INSERT INTO public.ingredient (nom, unite_mesure) VALUES ('reblochon', 'gr');
INSERT INTO public.ingredient (nom, unite_mesure) VALUES ('anchoi', 'gr');
INSERT INTO public.ingredient (nom, unite_mesure) VALUES ('olive', 'gr');
INSERT INTO public.ingredient (nom, unite_mesure) VALUES ('capre', 'gr');
INSERT INTO public.ingredient (nom, unite_mesure) VALUES ('jambon', 'gr');
INSERT INTO public.ingredient (nom, unite_mesure) VALUES ('merguez', 'gr');

--
-- TOC entry 2947 (class 0 OID 17250)
-- Dependencies: 217
-- Data for Name: stock; Type: TABLE DATA; Schema: public; Owner: postgres
--

INSERT INTO public.stock (point_de_vente_id, ingredient_id, quantite) VALUES (1, 1, 1000);
INSERT INTO public.stock (point_de_vente_id, ingredient_id, quantite) VALUES (2, 1, 1000);
INSERT INTO public.stock (point_de_vente_id, ingredient_id, quantite) VALUES (3, 1, 1000);
INSERT INTO public.stock (point_de_vente_id, ingredient_id, quantite) VALUES (4, 1, 1000);
INSERT INTO public.stock (point_de_vente_id, ingredient_id, quantite) VALUES (5, 1, 1000);
INSERT INTO public.stock (point_de_vente_id, ingredient_id, quantite) VALUES (1, 2, 1000);
INSERT INTO public.stock (point_de_vente_id, ingredient_id, quantite) VALUES (2, 2, 1000);
INSERT INTO public.stock (point_de_vente_id, ingredient_id, quantite) VALUES (3, 2, 1000);
INSERT INTO public.stock (point_de_vente_id, ingredient_id, quantite) VALUES (4, 2, 1000);
INSERT INTO public.stock (point_de_vente_id, ingredient_id, quantite) VALUES (5, 2, 1000);
INSERT INTO public.stock (point_de_vente_id, ingredient_id, quantite) VALUES (1, 3, 1000);
INSERT INTO public.stock (point_de_vente_id, ingredient_id, quantite) VALUES (2, 3, 1000);
INSERT INTO public.stock (point_de_vente_id, ingredient_id, quantite) VALUES (3, 3, 1000);
INSERT INTO public.stock (point_de_vente_id, ingredient_id, quantite) VALUES (4, 3, 1000);
INSERT INTO public.stock (point_de_vente_id, ingredient_id, quantite) VALUES (5, 3, 1000);
INSERT INTO public.stock (point_de_vente_id, ingredient_id, quantite) VALUES (1, 4, 1000);
INSERT INTO public.stock (point_de_vente_id, ingredient_id, quantite) VALUES (2, 4, 1000);
INSERT INTO public.stock (point_de_vente_id, ingredient_id, quantite) VALUES (3, 4, 1000);
INSERT INTO public.stock (point_de_vente_id, ingredient_id, quantite) VALUES (4, 4, 1000);
INSERT INTO public.stock (point_de_vente_id, ingredient_id, quantite) VALUES (5, 4, 1000);
INSERT INTO public.stock (point_de_vente_id, ingredient_id, quantite) VALUES (1, 5, 1000);
INSERT INTO public.stock (point_de_vente_id, ingredient_id, quantite) VALUES (2, 5, 1000);
INSERT INTO public.stock (point_de_vente_id, ingredient_id, quantite) VALUES (3, 5, 1000);
INSERT INTO public.stock (point_de_vente_id, ingredient_id, quantite) VALUES (4, 5, 1000);
INSERT INTO public.stock (point_de_vente_id, ingredient_id, quantite) VALUES (5, 5, 1000);
INSERT INTO public.stock (point_de_vente_id, ingredient_id, quantite) VALUES (1, 6, 1000);
INSERT INTO public.stock (point_de_vente_id, ingredient_id, quantite) VALUES (2, 6, 1000);
INSERT INTO public.stock (point_de_vente_id, ingredient_id, quantite) VALUES (3, 6, 1000);
INSERT INTO public.stock (point_de_vente_id, ingredient_id, quantite) VALUES (4, 6, 1000);
INSERT INTO public.stock (point_de_vente_id, ingredient_id, quantite) VALUES (5, 6, 1000);
INSERT INTO public.stock (point_de_vente_id, ingredient_id, quantite) VALUES (1, 7, 1000);
INSERT INTO public.stock (point_de_vente_id, ingredient_id, quantite) VALUES (2, 7, 1000);
INSERT INTO public.stock (point_de_vente_id, ingredient_id, quantite) VALUES (3, 7, 1000);
INSERT INTO public.stock (point_de_vente_id, ingredient_id, quantite) VALUES (4, 7, 1000);
INSERT INTO public.stock (point_de_vente_id, ingredient_id, quantite) VALUES (5, 7, 1000);
INSERT INTO public.stock (point_de_vente_id, ingredient_id, quantite) VALUES (1, 8, 1000);
INSERT INTO public.stock (point_de_vente_id, ingredient_id, quantite) VALUES (2, 8, 1000);
INSERT INTO public.stock (point_de_vente_id, ingredient_id, quantite) VALUES (3, 8, 1000);
INSERT INTO public.stock (point_de_vente_id, ingredient_id, quantite) VALUES (4, 8, 1000);
INSERT INTO public.stock (point_de_vente_id, ingredient_id, quantite) VALUES (5, 8, 1000);
INSERT INTO public.stock (point_de_vente_id, ingredient_id, quantite) VALUES (1, 9, 1000);
INSERT INTO public.stock (point_de_vente_id, ingredient_id, quantite) VALUES (2, 9, 1000);
INSERT INTO public.stock (point_de_vente_id, ingredient_id, quantite) VALUES (3, 9, 1000);
INSERT INTO public.stock (point_de_vente_id, ingredient_id, quantite) VALUES (4, 9, 1000);
INSERT INTO public.stock (point_de_vente_id, ingredient_id, quantite) VALUES (5, 9, 1000);
INSERT INTO public.stock (point_de_vente_id, ingredient_id, quantite) VALUES (1, 10, 1000);
INSERT INTO public.stock (point_de_vente_id, ingredient_id, quantite) VALUES (2, 10, 1003);
INSERT INTO public.stock (point_de_vente_id, ingredient_id, quantite) VALUES (3, 10, 1000);
INSERT INTO public.stock (point_de_vente_id, ingredient_id, quantite) VALUES (4, 10, 1000);
INSERT INTO public.stock (point_de_vente_id, ingredient_id, quantite) VALUES (5, 10, 1000);

--
-- TOC entry 2931 (class 0 OID 17080)
-- Dependencies: 201
-- Data for Name: produit; Type: TABLE DATA; Schema: public; Owner: postgres
--

INSERT INTO public.produit (nom, prix_unitaire, procedure) VALUES ('OIGNONS', 8.00, 'x gr tomate-x gr oignon-x gr emmental-x gr olive');
INSERT INTO public.produit (nom, prix_unitaire, procedure) VALUES ('POIVRONS', 8.00, 'x gr tomate-x gr poivron-x gr emmental-x gr olive');
INSERT INTO public.produit (nom, prix_unitaire, procedure) VALUES ('CHAMPIGNONS', 8.00, 'x gr tomate-x gr champignon-x gr emmental-x gr olive');
INSERT INTO public.produit (nom, prix_unitaire, procedure) VALUES ('ROQUEFORT', 9.50, 'x gr tomate-x gr roquefort-x gr emmental-x gr olive');
INSERT INTO public.produit (nom, prix_unitaire, procedure) VALUES ('ROMAINE', 10.00, 'x gr tomate-x gr anchoi-x gr oignon-x gr poivron -x gr emmental-x gr olive');

--
-- TOC entry 2934 (class 0 OID 17093)
-- Dependencies: 204
-- Data for Name: listeingredient; Type: TABLE DATA; Schema: public; Owner: postgres
--

INSERT INTO public.listeingredient (produit_id, ingredient_id, quantite) VALUES (1, 1, 0);
INSERT INTO public.listeingredient (produit_id, ingredient_id, quantite) VALUES (1, 5, 0);
INSERT INTO public.listeingredient (produit_id, ingredient_id, quantite) VALUES (1, 6, 0);
INSERT INTO public.listeingredient (produit_id, ingredient_id, quantite) VALUES (1, 12, 0);
INSERT INTO public.listeingredient (produit_id, ingredient_id, quantite) VALUES (2, 1, 0);
INSERT INTO public.listeingredient (produit_id, ingredient_id, quantite) VALUES (2, 4, 0);
INSERT INTO public.listeingredient (produit_id, ingredient_id, quantite) VALUES (2, 6, 0);
INSERT INTO public.listeingredient (produit_id, ingredient_id, quantite) VALUES (2, 12, 0);
INSERT INTO public.listeingredient (produit_id, ingredient_id, quantite) VALUES (3, 1, 0);
INSERT INTO public.listeingredient (produit_id, ingredient_id, quantite) VALUES (3, 3, 0);
INSERT INTO public.listeingredient (produit_id, ingredient_id, quantite) VALUES (3, 6, 0);
INSERT INTO public.listeingredient (produit_id, ingredient_id, quantite) VALUES (3, 12, 0);
INSERT INTO public.listeingredient (produit_id, ingredient_id, quantite) VALUES (4, 1, 0);
INSERT INTO public.listeingredient (produit_id, ingredient_id, quantite) VALUES (4, 9, 0);
INSERT INTO public.listeingredient (produit_id, ingredient_id, quantite) VALUES (4, 6, 0);
INSERT INTO public.listeingredient (produit_id, ingredient_id, quantite) VALUES (4, 12, 0);
INSERT INTO public.listeingredient (produit_id, ingredient_id, quantite) VALUES (5, 1, 0);
INSERT INTO public.listeingredient (produit_id, ingredient_id, quantite) VALUES (5, 11, 0);
INSERT INTO public.listeingredient (produit_id, ingredient_id, quantite) VALUES (5, 5, 0);
INSERT INTO public.listeingredient (produit_id, ingredient_id, quantite) VALUES (5, 4, 0);
INSERT INTO public.listeingredient (produit_id, ingredient_id, quantite) VALUES (5, 6, 0);
INSERT INTO public.listeingredient (produit_id, ingredient_id, quantite) VALUES (5, 12, 0);

--
-- TOC entry 2943 (class 0 OID 17137)
-- Dependencies: 213
-- Data for Name: commande; Type: TABLE DATA; Schema: public; Owner: postgres
--

INSERT INTO public.commande (date_commande, date_maj_commande, prix_total, type_paiemant, statut, client_id, adresse_livraison_id) VALUES ('2019-07-26 00:00:00', '2019-07-26 00:00:00', 24, 'a la livraison', 'En cours de livraison', 3, 12);
INSERT INTO public.commande (date_commande, date_maj_commande, prix_total, type_paiemant, statut, client_id, adresse_livraison_id) VALUES ('2019-07-26 00:00:00', '2019-07-26 00:00:00', 20, 'en ligne', 'Validee', 1, 33);

--
-- TOC entry 2944 (class 0 OID 17143)
-- Dependencies: 214
-- Data for Name: lignecommande; Type: TABLE DATA; Schema: public; Owner: postgres
--

INSERT INTO public.lignecommande (commande_id, produit_id, quantite) VALUES (1, 1, 1);
INSERT INTO public.lignecommande (commande_id, produit_id, quantite) VALUES (1, 2, 2);
INSERT INTO public.lignecommande (commande_id, produit_id, quantite) VALUES (2, 4, 1);
INSERT INTO public.lignecommande (commande_id, produit_id, quantite) VALUES (2, 5, 1);

--
-- TOC entry 2945 (class 0 OID 17233)
-- Dependencies: 215
-- Data for Name: listeemployes; Type: TABLE DATA; Schema: public; Owner: postgres
--

INSERT INTO public.listeemployes (commande_id, employe_id, heure_prestation) VALUES (1, 41, '2019-07-26 00:00:00');
INSERT INTO public.listeemployes (commande_id, employe_id, heure_prestation) VALUES (1, 43, '2019-07-26 00:00:00');
INSERT INTO public.listeemployes (commande_id, employe_id, heure_prestation) VALUES (1, 38, '2019-07-26 00:00:00');
INSERT INTO public.listeemployes (commande_id, employe_id, heure_prestation) VALUES (2, 48, '2019-07-26 00:00:00');
